"Kind of Plants","2017","2018","2019","2020"
"Potato",0,460,0,0
"Cabbage",0,245,0,0
"LongBeans",0,2905,2406,0
"BigChilli",0,0,3560,0
"CayenePepper",0,4140,3363,0
"EggPlant",0,430,0,0
"Cucumber",0,200,0,0
"Alpukat/ Avocado",1725,1735,1320,1978
"Nenas/ Pineapple",0,4,7,5
"Duku/Langsat/Kokosan/ Duku",430,430,337,894
"Durian/ Durian",1480,1485,1045,984
"Jeruk Siam/Keprok/ Orange/Tangerine",1135,1585,1165,2000
"Mangga/ Mango",430,2970,2030,1806
"Manggis/ Mangosteen",1480,63,65,96
"Nangka/Cempedak/ Jackfruit",4500,4400,3000,1755
"Pepaya/ Papaya",1860,1660,1100,444
"Pisang/ Banana",22900,21400,15875,4500
"Rambutan/ Rambutan",4240,4250,3300,1620
"Salak/ Snakefruit",1385,1410,1080,0
"Sawo/ Sapodilla",0,0,0,0
"Sukun/ Breadfruit",155,156,130,0
"Sirsak/ Soursop",0,0,225,0
"Jambu Air/ Water Apple",0,0,0,0
"Jambu Biji/ Guava",1725,449,365,348
"Belimbing/ Star Fruit",1135,1135,755,1245
"Melinjo/ Gnetum/Melinjo",810,795,630,342
"Petai/ Twisted Cluster Bean",0,0,780,345